{
  "IcoMoonType": "selection",
  "icons": [
    {
      "icon": {
        "paths": [
          "M183.979 539.733c111.36-23.979 96-157.184 92.843-186.283-5.461-44.8-58.283-123.221-129.877-116.907-90.027 7.936-103.168 138.24-103.168 138.24-12.245 60.16 29.099 188.843 140.203 164.907zM390.699 316.117c61.44 0 111.104-70.827 111.104-158.293 0-87.040-49.493-157.867-110.933-157.867s-111.403 70.443-111.403 157.909 49.92 158.293 111.36 158.293zM655.659 326.613c82.347 11.093 134.912-76.8 145.579-143.36 10.667-66.133-42.667-143.36-100.693-156.587-58.453-13.483-130.56 79.957-137.813 140.8-7.68 74.667 10.667 148.907 92.587 159.445zM981.333 438.784c0-31.829-26.155-127.701-124.16-127.701-97.92 0-111.36 90.453-111.36 154.453 0 61.013 5.035 145.92 127.36 143.36 121.813-2.987 108.501-138.24 108.501-170.24zM857.6 717.653c0 0-127.36-98.56-201.643-204.8-100.693-156.885-243.84-93.013-291.584-13.483-47.787 80.341-122.027 130.645-132.48 144.085-10.667 13.227-153.6 90.453-121.771 231.253 32 140.8 143.36 138.24 143.36 138.24s81.92 8.107 177.493-13.227 177.493 5.12 177.493 5.12 222.165 74.667 283.648-68.693c60.757-143.787-34.56-218.027-34.56-218.027z"
        ],
        "attrs": [
          {
            "fill": "rgb(35, 25, 220)"
          }
        ],
        "isMulticolor": false,
        "isMulticolor2": false,
        "tags": [
          "baidu"
        ],
        "grid": 0,
        "colorPermutations": {
          "131115135252201": [
            {
              "f": 1
            }
          ]
        }
      },
      "attrs": [
        {
          "fill": "rgb(35, 25, 220)"
        }
      ],
      "properties": {
        "order": 1,
        "id": 1,
        "name": "baidu",
        "prevSize": 32
      },
      "setIdx": 0,
      "setId": 2,
      "iconIdx": 0
    },
    {
      "icon": {
        "paths": [
          "M153.813 0l204.587 71.936v719.957l288.128-166.187-141.227-66.347-89.173-221.867 453.973 159.488v231.893l-511.573 295.125-204.672-113.92z"
        ],
        "attrs": [
          {
            "fill": "rgb(0, 131, 115)"
          }
        ],
        "isMulticolor": false,
        "isMulticolor2": false,
        "tags": [
          "bing"
        ],
        "grid": 0
      },
      "attrs": [
        {
          "fill": "rgb(0, 131, 115)"
        }
      ],
      "properties": {
        "order": 1,
        "id": 0,
        "name": "bing",
        "prevSize": 32
      },
      "setIdx": 0,
      "setId": 2,
      "iconIdx": 1
    },
    {
      "icon": {
        "paths": [
          "M992.262 871.396l-242.552-206.294c-25.074-22.566-51.89-32.926-73.552-31.926 57.256-67.068 91.842-154.078 91.842-249.176 0-212.078-171.922-384-384-384-212.076 0-384 171.922-384 384s171.922 384 384 384c95.098 0 182.108-34.586 249.176-91.844-1 21.662 9.36 48.478 31.926 73.552l206.294 242.552c35.322 39.246 93.022 42.554 128.22 7.356s31.892-92.898-7.354-128.22zM384 640c-141.384 0-256-114.616-256-256s114.616-256 256-256 256 114.616 256 256-114.614 256-256 256z"
        ],
        "tags": [
          "search",
          "magnifier",
          "magnifying-glass",
          "inspect",
          "find"
        ],
        "defaultCode": 59782,
        "grid": 16,
        "attrs": []
      },
      "attrs": [],
      "properties": {
        "ligatures": "search, magnifier",
        "name": "search",
        "order": 9,
        "id": 135,
        "prevSize": 32
      },
      "setIdx": 1,
      "setId": 1,
      "iconIdx": 134
    },
    {
      "icon": {
        "paths": [
          "M522.2 438.8v175.6h290.4c-11.8 75.4-87.8 220.8-290.4 220.8-174.8 0-317.4-144.8-317.4-323.2s142.6-323.2 317.4-323.2c99.4 0 166 42.4 204 79l139-133.8c-89.2-83.6-204.8-134-343-134-283 0-512 229-512 512s229 512 512 512c295.4 0 491.6-207.8 491.6-500.2 0-33.6-3.6-59.2-8-84.8l-483.6-0.2z"
        ],
        "tags": [
          "google",
          "brand"
        ],
        "defaultCode": 60040,
        "grid": 16,
        "attrs": []
      },
      "attrs": [],
      "properties": {
        "name": "google",
        "ligatures": "google, brand2",
        "order": 5,
        "id": 393,
        "prevSize": 32
      },
      "setIdx": 1,
      "setId": 1,
      "iconIdx": 392
    }
  ],
  "height": 1024,
  "preferences": {
    "showGlyphs": true,
    "showQuickUse": true,
    "showQuickUse2": true,
    "showSVGs": true,
    "fontPref": {
      "prefix": "icon-",
      "metadata": {
        "fontFamily": "icomoon"
      },
      "metrics": {
        "emSize": 1024,
        "baseline": 6.25,
        "whitespace": 50
      },
      "embed": false
    },
    "imagePref": {
      "prefix": "icon-",
      "png": true,
      "useClassSelector": true,
      "color": 0,
      "bgColor": 16777215,
      "classSelector": ".icon",
      "name": "icomoon",
      "height": 32,
      "columns": 16,
      "margin": 16
    },
    "historySize": 50,
    "showCodes": true,
    "gridSize": 16
  }
}